0.672532678,0.382692188,0.769483984,-0.045625500,0.040665533,0.655066669,0.753095150,-0.090534598,0.044074755,0.175286934,-0.000750069,-0.004991583,0.000946997,-0.219475836,0.040640894,-0.014304674,0.086282633,0.025106926,-0.000507965,0.099216081,0.032406669,0.155772492,0.069516242,0.106260322,0.085959315,0.676092565,0.056508716,-0.120138727,-0.109578550,0.678603709
0.672446489,0.382778943,0.769474804,-0.045828357,0.040945284,0.654912174,0.753202081,-0.091302909,0.043963868,0.175375164,-0.000721391,-0.004970765,0.000949096,-0.220373034,0.041067295,-0.014460868,0.087000288,0.025155980,-0.000488700,0.099053770,0.032230265,0.154710323,0.067554556,0.106080174,0.085780859,0.675648808,0.056256194,-0.119790219,-0.109420173,0.678741932
0.672191381,0.383352578,0.769747257,-0.045833681,0.041400019,0.654679775,0.753378928,-0.092125639,0.042789102,0.175451890,-0.000509644,-0.004916646,0.000952215,-0.221499041,0.040376373,-0.014280688,0.087349556,0.025229055,-0.000470617,0.099518158,0.031597078,0.152606085,0.065590426,0.105720758,0.085701212,0.675057590,0.056549463,-0.119975619,-0.109784149,0.679914713
0.672077239,0.383552372,0.769781291,-0.046091482,0.041893750,0.654354453,0.753618419,-0.093547560,0.042218018,0.175531998,-0.000173827,-0.004835201,0.000962680,-0.223100945,0.039834611,-0.014104810,0.087957904,0.025404638,-0.000482107,0.099838421,0.031648461,0.152221724,0.064213291,0.105675675,0.085480712,0.674599349,0.056323446,-0.119777143,-0.109801307,0.680536926
0.672234058,0.383623928,0.769706130,-0.046159875,0.042525813,0.653757274,0.754097044,-0.094409429,0.041899893,0.175482228,0.000421128,-0.004661814,0.000989607,-0.225037158,0.039488189,-0.014039570,0.088626117,0.025462456,-0.000483525,0.099555925,0.031447385,0.152421907,0.063512594,0.106274940,0.085443310,0.673947096,0.055794686,-0.119528197,-0.109870680,0.681031108
0.672168911,0.383977354,0.769646704,-0.046108887,0.043156333,0.653121769,0.754614770,-0.094994366,0.040704083,0.175644338,0.000894645,-0.004466997,0.001004571,-0.226267919,0.038763411,-0.013828057,0.089718893,0.025503589,-0.000486365,0.098910637,0.031366397,0.151546255,0.063508250,0.107423253,0.085601971,0.673348308,0.055510130,-0.119068019,-0.110136807,0.681651413
0.672347426,0.384215534,0.769726753,-0.046260174,0.043829709,0.652549505,0.755061626,-0.095934838,0.040411014,0.175754815,0.000980700,-0.004430491,0.001027319,-0.228328198,0.038285825,-0.013608169,0.090992011,0.025503874,-0.000506667,0.098601483,0.031346314,0.150365844,0.063717902,0.109072097,0.085830443,0.672870994,0.055323869,-0.119026281,-0.110621832,0.682152271
0.672613800,0.384614736,0.769630015,-0.046264865,0.043919306,0.651950061,0.755573809,-0.095679678,0.039826777,0.175789520,0.001489023,-0.004367763,0.001020070,-0.228970751,0.038439088,-0.013406025,0.091628172,0.025400536,-0.000525006,0.098187424,0.031738322,0.150407746,0.064219274,0.110333972,0.085962661,0.672344625,0.055926915,-0.117898442,-0.110686645,0.682705581
0.672489107,0.384781897,0.769805610,-0.046382383,0.044376422,0.651370883,0.756039262,-0.096479468,0.039890595,0.175930277,0.001659224,-0.004463586,0.001056778,-0.230360314,0.037983201,-0.012999782,0.092320204,0.025275713,-0.000526622,0.098273024,0.032135293,0.150179058,0.064674497,0.111317009,0.086100213,0.672494292,0.056476071,-0.117391609,-0.110887080,0.683378756
0.672583699,0.385173023,0.769540846,-0.046411920,0.044604003,0.650933385,0.756400764,-0.096510544,0.039351605,0.176109299,0.002463843,-0.004289320,0.001060468,-0.231235415,0.038082268,-0.012636802,0.094117120,0.025226958,-0.000530917,0.098132320,0.032565091,0.150297731,0.065540940,0.112187520,0.086298726,0.672871113,0.057218559,-0.116718702,-0.111032896,0.683964491
0.672924280,0.385775447,0.769726694,-0.046686791,0.044977665,0.650631964,0.756621063,-0.096813843,0.039724175,0.176012143,0.002717800,-0.004322655,0.001079640,-0.232538268,0.038427375,-0.012384489,0.094779722,0.025038119,-0.000540811,0.098605335,0.032719735,0.149152949,0.066440456,0.113716342,0.086882241,0.673130214,0.058615223,-0.116152316,-0.111229755,0.684942067
0.673052907,0.385797113,0.769799769,-0.046956077,0.045611255,0.650335193,0.756821632,-0.098608620,0.039394457,0.176220417,0.003083957,-0.004440379,0.001081104,-0.235076383,0.038554236,-0.011996645,0.095766902,0.025003942,-0.000528446,0.099241994,0.032695465,0.149830461,0.066869527,0.115016498,0.087385975,0.673369050,0.059278604,-0.115660429,-0.111175738,0.685193002
0.673281670,0.386268675,0.769715607,-0.046926811,0.045872197,0.650137901,0.756977081,-0.098664664,0.039000276,0.176249936,0.004037473,-0.004378499,0.001085638,-0.236279905,0.038302630,-0.011460885,0.097676717,0.025024116,-0.000539177,0.099803761,0.032913528,0.149413839,0.067703202,0.115773089,0.087744229,0.673723280,0.060037538,-0.115468264,-0.111364275,0.685697973
0.673605561,0.386980981,0.769987524,-0.047141347,0.046089359,0.650019526,0.757052243,-0.098754101,0.039607715,0.176157400,0.004961129,-0.004417042,0.001103613,-0.237117976,0.039058808,-0.011120434,0.099683926,0.025015889,-0.000534768,0.100246511,0.033041794,0.149138778,0.068943374,0.116622120,0.088121213,0.674194217,0.061302267,-0.115053259,-0.111412093,0.686178684
0.673773408,0.387440354,0.769757867,-0.047296342,0.046293989,0.649864435,0.757163227,-0.099222772,0.039725445,0.176075682,0.006117332,-0.004311915,0.001110437,-0.237975553,0.039614592,-0.010655201,0.101646490,0.025033776,-0.000528686,0.101160638,0.032805871,0.148307905,0.069771223,0.116937682,0.088446528,0.674575567,0.062196881,-0.115098402,-0.111544289,0.686641157
0.674003124,0.387702793,0.770168424,-0.047434285,0.046713389,0.649742424,0.757233560,-0.099735461,0.039574433,0.176106438,0.006455963,-0.004508913,0.001118125,-0.239418343,0.039570767,-0.010182965,0.103210509,0.024892921,-0.000537654,0.101558328,0.032812711,0.147781715,0.070349082,0.116648205,0.088441148,0.674820602,0.062516384,-0.115181945,-0.111839987,0.686851501
0.674284458,0.387853801,0.769996941,-0.047721572,0.046889208,0.649823666,0.757134914,-0.100679748,0.040295992,0.175976157,0.007039930,-0.004550853,0.001124816,-0.241060644,0.040401917,-0.009926824,0.104832657,0.024834590,-0.000535282,0.102449834,0.032495640,0.147931084,0.070484437,0.116835400,0.088573046,0.674903333,0.062760457,-0.114911959,-0.111842252,0.687063217
0.674709797,0.388078094,0.770415366,-0.047979083,0.047285296,0.649902821,0.757026076,-0.101593085,0.040713891,0.175982758,0.007289902,-0.004808365,0.001119810,-0.242330566,0.040885057,-0.009590846,0.106264964,0.024821866,-0.000541260,0.103361286,0.032515593,0.147625908,0.070407696,0.117124163,0.088672101,0.674915493,0.062560156,-0.115214236,-0.112135157,0.687186241
0.674979925,0.388413966,0.770365775,-0.048249770,0.047453951,0.649960220,0.756949008,-0.101695448,0.041599397,0.175836936,0.007535099,-0.005012244,0.001138324,-0.243099034,0.041396406,-0.009312934,0.107618898,0.024753939,-0.000552734,0.104120843,0.032343827,0.147612408,0.071122773,0.117329113,0.088763863,0.675062776,0.062666379,-0.115356907,-0.112335414,0.687125802
0.675141454,0.388729930,0.770230412,-0.048439566,0.047491495,0.649968922,0.756927133,-0.102200739,0.042159293,0.175769463,0.008003159,-0.005171798,0.001138001,-0.243443251,0.042167332,-0.009041213,0.108632296,0.024705296,-0.000549541,0.104996525,0.032040551,0.147913620,0.071629204,0.117268145,0.088791460,0.675241530,0.062664822,-0.115719728,-0.112544365,0.686763406
0.675387979,0.389130235,0.770631790,-0.048595749,0.047552485,0.649969280,0.756912947,-0.101911061,0.042613368,0.175687492,0.008190054,-0.005482525,0.001141787,-0.243654788,0.042425103,-0.008696624,0.109514363,0.024546539,-0.000564245,0.105436705,0.032320123,0.148420528,0.071851991,0.117065921,0.088722236,0.675077081,0.061991222,-0.115806431,-0.112435237,0.686187327
0.675499141,0.389342159,0.770427227,-0.048886102,0.047693718,0.649990976,0.756866693,-0.102313377,0.043208506,0.175624922,0.008074779,-0.005656898,0.001148593,-0.244391784,0.043163870,-0.008486156,0.110239178,0.024483358,-0.000556461,0.105950028,0.032330953,0.148309276,0.071773589,0.116818987,0.088564478,0.674964428,0.061058901,-0.116980135,-0.112725720,0.685495138
0.675756037,0.389589667,0.770625412,-0.049170692,0.047899280,0.649943471,0.756876051,-0.102703661,0.043411408,0.175597534,0.007978954,-0.005889795,0.001134329,-0.245181024,0.043790352,-0.008308527,0.110723428,0.024457153,-0.000556753,0.106284462,0.032351848,0.148429081,0.072560832,0.116905682,0.088465005,0.675138891,0.059786383,-0.117365159,-0.112917922,0.684928536
0.675974250,0.390148431,0.770526469,-0.049323067,0.047788162,0.649980605,0.756841302,-0.102021866,0.044421528,0.175329670,0.008199294,-0.006072833,0.001154591,-0.244597584,0.044478070,-0.008141143,0.111428484,0.024399618,-0.000569518,0.106380694,0.032183815,0.148074612,0.073938616,0.116358377,0.088245101,0.675454736,0.059255011,-0.117590725,-0.112690538,0.684745371
0.676237702,0.390501827,0.770475864,-0.049461875,0.047828622,0.650126159,0.756704688,-0.102142520,0.045112181,0.175089866,0.008535049,-0.006177331,0.001154981,-0.244773820,0.045173418,-0.007955149,0.112296209,0.024362322,-0.000568784,0.107136294,0.032302596,0.148148552,0.074562512,0.116732605,0.088238031,0.675415397,0.058893126,-0.117831804,-0.112415276,0.684423029
0.676729798,0.390896410,0.770585179,-0.049806826,0.047893886,0.650319338,0.756511867,-0.102758780,0.045842674,0.174537808,0.009124078,-0.006231430,0.001133305,-0.245491147,0.045768499,-0.007859948,0.113090910,0.024207987,-0.000596757,0.107910097,0.032083917,0.148017466,0.075407788,0.116678149,0.087926567,0.675230205,0.058596157,-0.118421189,-0.112073682,0.684221029
0.677146852,0.391277164,0.770605147,-0.050391231,0.048061460,0.650940537,0.755928099,-0.104078859,0.047181558,0.173872739,0.010304270,-0.006248385,0.001133742,-0.246354923,0.047275856,-0.007986139,0.114197619,0.024141926,-0.000597275,0.108829118,0.032115187,0.146985829,0.077076986,0.117251463,0.087928109,0.675159454,0.058366153,-0.118458740,-0.111650534,0.683884740
0.678207636,0.389986455,0.770708799,-0.052151181,0.049581815,0.651886225,0.754894912,-0.111756645,0.049847897,0.173095822,0.010783521,-0.006358592,0.001106394,-0.253804713,0.049432117,-0.008531138,0.115441978,0.024172386,-0.000607851,0.110755794,0.031790078,0.147691414,0.077256352,0.118703872,0.087776087,0.674412191,0.055774923,-0.118906707,-0.110812955,0.681927025
0.679286718,0.389364719,0.770867407,-0.053968072,0.051219173,0.653191388,0.753528416,-0.119606212,0.052073594,0.172148243,0.012794347,-0.006310556,0.001079724,-0.262653410,0.051322527,-0.009081258,0.118779443,0.024263782,-0.000627327,0.112892322,0.031536356,0.147960737,0.078301646,0.119291082,0.087173775,0.673507094,0.052212741,-0.119468488,-0.109473310,0.679074287
0.680145442,0.387863189,0.770976126,-0.056797396,0.053510912,0.654852927,0.751716971,-0.132511258,0.055183239,0.171309024,0.015356322,-0.006159684,0.001042003,-0.275845587,0.053852767,-0.009710338,0.124045931,0.024810787,-0.000637738,0.115535058,0.032080192,0.147457466,0.079651594,0.120839894,0.087348558,0.672945976,0.047326908,-0.121350609,-0.108573914,0.675519884
0.682318032,0.386162877,0.771407545,-0.059994552,0.056639764,0.656653821,0.749665499,-0.148888484,0.058905777,0.170026600,0.019291651,-0.005937667,0.000962123,-0.292932928,0.057156082,-0.010563346,0.131556794,0.025608221,-0.000672834,0.117451064,0.031656735,0.147238463,0.081182741,0.121363759,0.086875372,0.672257841,0.040369466,-0.123360790,-0.107653014,0.670705318
0.684064806,0.384493679,0.771297455,-0.063782036,0.060454246,0.658700168,0.747255802,-0.167954534,0.062308401,0.168683872,0.025491079,-0.005477898,0.000928446,-0.312620461,0.060260698,-0.011195250,0.141299978,0.026617119,-0.000710575,0.119513072,0.031002207,0.146410272,0.085113384,0.122391514,0.086763196,0.672342002,0.031439044,-0.127024755,-0.107043989,0.665023446
0.686185479,0.382388800,0.771034956,-0.068205610,0.064832188,0.661110938,0.744363546,-0.190669879,0.066255115,0.166961715,0.032557394,-0.004958100,0.000885943,-0.336105347,0.063709669,-0.011776968,0.152531058,0.027769903,-0.000764166,0.121654764,0.030140169,0.145651966,0.090105854,0.123867646,0.086698785,0.672712147,0.021778038,-0.130829707,-0.106341235,0.658615112
0.689152122,0.379950494,0.771062374,-0.073356740,0.070078768,0.663968205,0.740846813,-0.217708275,0.071268141,0.164692864,0.041015457,-0.004531904,0.000829411,-0.362594634,0.067557633,-0.012486110,0.165048167,0.028891502,-0.000852916,0.123499118,0.029348457,0.145604610,0.095847324,0.126298308,0.087020315,0.673556626,0.010040888,-0.135064930,-0.105758756,0.651024640
0.692242086,0.376579493,0.770243704,-0.079795480,0.076474160,0.667032361,0.736785054,-0.251175135,0.077191710,0.161931410,0.050783139,-0.003866519,0.000789864,-0.394805789,0.072179943,-0.013348404,0.178929016,0.030123353,-0.000933693,0.126399636,0.028839711,0.144777626,0.101118311,0.129576832,0.087560132,0.674470961,-0.001919014,-0.139294952,-0.104731008,0.643561065
0.695185900,0.372975498,0.769713044,-0.086432762,0.084079131,0.670392454,0.732143462,-0.289118528,0.079705745,0.159694612,0.063316084,-0.002947631,0.000686257,-0.431389928,0.074622013,-0.013238300,0.194011971,0.031606320,-0.001003781,0.130223036,0.028449543,0.144296616,0.106334634,0.130592734,0.087397449,0.675468564,-0.015379305,-0.146015897,-0.104731262,0.635240674
0.699546695,0.369225770,0.768464983,-0.094398588,0.092678942,0.674343646,0.726471066,-0.333237231,0.084631801,0.156504288,0.078746349,-0.001800924,0.000607209,-0.472543985,0.078675993,-0.013445132,0.211413175,0.033128571,-0.001129492,0.134575993,0.027796203,0.142833367,0.112929001,0.131495327,0.086720914,0.676452041,-0.028317576,-0.152439713,-0.104697965,0.627131045
0.703872979,0.364254653,0.766523838,-0.104060948,0.102936663,0.678375542,0.719987571,-0.385614723,0.089383632,0.153101802,0.096010961,-0.000643735,0.000545597,-0.522079170,0.081971228,-0.013213875,0.229539424,0.034659632,-0.001267238,0.139346585,0.027073439,0.143074676,0.119277038,0.133436337,0.086289972,0.676585913,-0.042113509,-0.160138234,-0.104979917,0.618058026
0.708914816,0.358628839,0.764152646,-0.114635095,0.114310257,0.682223558,0.712995827,-0.445924073,0.093962081,0.149087489,0.117702879,0.000560409,0.000460886,-0.577115357,0.084602058,-0.012665552,0.250748336,0.036054142,-0.001456890,0.145688578,0.026201747,0.143185541,0.125530571,0.136488661,0.085786827,0.676015973,-0.057016641,-0.169530898,-0.105560638,0.608495593
0.713897467,0.351615489,0.759940147,-0.126468197,0.127790853,0.685453594,0.705569744,-0.517327607,0.097817056,0.144557029,0.144410193,0.001586935,0.000429009,-0.640903115,0.085132211,-0.011396150,0.272873342,0.036968559,-0.001690671,0.153067157,0.024773443,0.142323032,0.130810007,0.139359057,0.084996879,0.674733281,-0.074037321,-0.180577382,-0.106912963,0.597079515
0.719634831,0.345251471,0.755314350,-0.138752162,0.141489491,0.688772202,0.697367549,-0.592064261,0.100786209,0.138954371,0.177181974,0.002806404,0.000349782,-0.706478238,0.085759528,-0.010025261,0.299065500,0.037621755,-0.001973928,0.160753131,0.023373757,0.144421116,0.135495216,0.144480243,0.084318332,0.672330439,-0.090656981,-0.193873137,-0.109551206,0.585631669
0.725355744,0.337795019,0.749416709,-0.151633799,0.155890182,0.691427112,0.688936830,-0.672237635,0.103474401,0.132140502,0.213896230,0.004065548,0.000364653,-0.777665973,0.085705787,-0.008539496,0.327118367,0.037710950,-0.002257354,0.169477642,0.021263167,0.148890734,0.139739886,0.150151297,0.083566159,0.668900073,-0.107503742,-0.210014299,-0.113152757,0.573328674
0.731645167,0.328404129,0.742301404,-0.164447412,0.171511844,0.693115950,0.680537403,-0.756111860,0.105484329,0.124299847,0.253203213,0.005206626,0.000446346,-0.857967257,0.087032706,-0.007655300,0.358332008,0.036329519,-0.002411783,0.176616892,0.018442677,0.145416737,0.149515763,0.161961153,0.083686911,0.666809142,-0.128287867,-0.228227213,-0.115966856,0.562915564
0.737781405,0.320949018,0.735135853,-0.176935107,0.185783163,0.694868267,0.671815932,-0.838004470,0.107413709,0.114751995,0.297027975,0.006431687,0.000496355,-0.934970319,0.086801618,-0.005779662,0.396608025,0.034908623,-0.002746399,0.182319358,0.015767748,0.148075029,0.158600047,0.171435907,0.083284527,0.664912343,-0.149632975,-0.247672945,-0.119525671,0.553273082
0.743233085,0.313923329,0.727174938,-0.188043118,0.199157685,0.696467519,0.663256347,-0.918233454,0.107056439,0.103996858,0.344782531,0.007463207,0.000631348,-1.010695457,0.084865965,-0.002875016,0.438223928,0.033386014,-0.003077284,0.189427525,0.013811906,0.148853928,0.167219758,0.179388642,0.081979208,0.663116515,-0.167002842,-0.268379450,-0.123638660,0.546032250
0.747441113,0.307732612,0.719257355,-0.198368579,0.212020710,0.698176742,0.654405415,-0.994811594,0.102396414,0.093257725,0.395529807,0.008286962,0.000697188,-1.084619164,0.081419833,0.001082630,0.483845621,0.031347118,-0.003451747,0.197876140,0.012116283,0.149349049,0.177336261,0.187212691,0.080844842,0.661764860,-0.182748273,-0.291928589,-0.129837215,0.539853990
0.752554893,0.301897973,0.710692286,-0.207922906,0.223971605,0.700334251,0.645086706,-1.070270300,0.097811729,0.081179596,0.447813392,0.007228631,0.000827190,-1.157563210,0.078502931,0.005148878,0.531899512,0.028303329,-0.003869206,0.204465821,0.010387432,0.149835914,0.188530341,0.192301720,0.079041146,0.661662281,-0.196682826,-0.314301491,-0.135648146,0.534506321
0.756445229,0.296638340,0.702318072,-0.216416180,0.235754117,0.702386439,0.635796607,-1.138653398,0.088709325,0.068812892,0.509634495,0.004654122,0.001050550,-1.227450728,0.072904594,0.010911509,0.582394600,0.024844032,-0.004326636,0.210742265,0.007675815,0.151871800,0.198735341,0.196246564,0.077549852,0.662646234,-0.207903862,-0.336158425,-0.142009676,0.529685855
0.760291636,0.291408241,0.696552098,-0.224024013,0.247087792,0.704590619,0.626348913,-1.197715998,0.076652296,0.056582201,0.589315295,0.000657460,0.001369414,-1.295826197,0.065509900,0.017063836,0.633499146,0.020502096,-0.004891320,0.211035624,0.005946061,0.153080493,0.212702632,0.199161261,0.076109529,0.665678918,-0.222435236,-0.357111424,-0.147140101,0.524382353
0.763855994,0.287254125,0.691267610,-0.229564890,0.258052170,0.707079828,0.617047131,-1.245594263,0.062587112,0.044709876,0.692714095,-0.004530346,0.002274504,-1.360160232,0.055181183,0.024031119,0.685427368,0.015546197,-0.005463147,0.207057595,0.003358070,0.154455990,0.225075409,0.202461883,0.075542465,0.668740451,-0.235779747,-0.376691908,-0.152380079,0.519677818
0.766158521,0.283767313,0.684277415,-0.233003154,0.268135697,0.709852219,0.608212590,-1.285383105,0.046521410,0.034017589,0.818950713,-0.010200214,0.003728010,-1.419651151,0.043648120,0.032224923,0.740423203,0.009578726,-0.006013327,0.201443285,0.001368222,0.157708302,0.238420770,0.206715733,0.076059535,0.672722459,-0.247634009,-0.394936919,-0.157805383,0.515799999
0.769031405,0.280739158,0.674065411,-0.236031085,0.276959628,0.711874366,0.600680947,-1.320951700,0.031102125,0.023212340,0.963587046,-0.014002889,0.005067370,-1.478958249,0.033863008,0.039801668,0.797158957,0.001941596,-0.006722690,0.193525329,-0.000109117,0.159199566,0.251305223,0.213557288,0.077816181,0.676546216,-0.258536726,-0.410850108,-0.162574574,0.512068808
0.771489620,0.277951866,0.657880127,-0.238374352,0.284510314,0.712750912,0.595161915,-1.349778056,0.017250583,0.011460429,1.118213058,-0.014102594,0.006237496,-1.536280990,0.028260035,0.046491593,0.857095122,-0.006618299,-0.007453891,0.185470432,-0.001678408,0.160426542,0.262336791,0.220733851,0.079950906,0.679693282,-0.270223945,-0.422700554,-0.165754229,0.508297443
0.773460984,0.275783628,0.645398140,-0.239302039,0.289888114,0.713822424,0.590895057,-1.367561340,0.004127535,0.000818890,1.276030898,-0.009271224,0.006634094,-1.589269757,0.026630210,0.051705655,0.920302749,-0.016522557,-0.008242694,0.183587030,-0.002343013,0.169043839,0.271436512,0.226613894,0.084967263,0.681436419,-0.279091328,-0.435231626,-0.170482069,0.506586432
0.775502264,0.273265123,0.633057415,-0.241684586,0.294925570,0.713431835,0.587896764,-1.381288767,-0.001942377,-0.009709555,1.419946671,-0.000103519,0.006814286,-1.644153714,0.027825342,0.055686392,0.983051896,-0.026994037,-0.009257152,0.181687400,-0.003650544,0.171260074,0.278798014,0.236020267,0.090706035,0.682801962,-0.288594633,-0.444832414,-0.173460871,0.503870428
0.776973069,0.270988554,0.619817078,-0.243910983,0.298860282,0.712705493,0.585867643,-1.383450270,-0.004216848,-0.017263183,1.540361404,0.012626651,0.006443444,-1.696816564,0.033045225,0.057515603,1.045566559,-0.037811000,-0.010189260,0.183067486,-0.004135084,0.172716409,0.284549028,0.245924145,0.096645184,0.682857394,-0.296188891,-0.452858686,-0.175569743,0.501912415
0.778972924,0.267984867,0.606199086,-0.246666059,0.302436441,0.711734176,0.584056973,-1.381042123,-0.002252690,-0.022772929,1.633120775,0.027220929,0.005650787,-1.749326944,0.041323584,0.058250505,1.105471969,-0.048564587,-0.011160335,0.184163481,-0.003688954,0.173240319,0.287584156,0.255166769,0.101228841,0.682514071,-0.304102153,-0.459283978,-0.177148014,0.499031037
0.780374944,0.265206069,0.592243433,-0.249619737,0.305523247,0.710812688,0.582315087,-1.373411655,0.003252676,-0.026070308,1.701055169,0.043114848,0.004623155,-1.800146461,0.049656369,0.058091983,1.162423372,-0.059224177,-0.012120128,0.185884595,-0.004015652,0.173550919,0.290236294,0.265243292,0.105264880,0.680741310,-0.310911894,-0.464959025,-0.177992702,0.496319294
0.781728506,0.262146860,0.578334391,-0.252131015,0.308100820,0.710196972,0.580623865,-1.361582518,0.011014087,-0.025377067,1.749162316,0.059537150,0.003395971,-1.848724961,0.055487122,0.056755450,1.217494726,-0.069582164,-0.013249527,0.187117621,-0.004388373,0.174448997,0.290278345,0.274148703,0.108674027,0.678089559,-0.317430764,-0.469240159,-0.178189427,0.493557066
0.782556772,0.258655012,0.563640654,-0.253921062,0.310277969,0.710244477,0.578622878,-1.351713300,0.018160883,-0.019951113,1.782805920,0.072456792,0.002142265,-1.896430731,0.061492346,0.055762134,1.271048069,-0.079801328,-0.014237170,0.187810287,-0.004801314,0.172837630,0.288086832,0.279114097,0.112072952,0.674463570,-0.321443111,-0.473860472,-0.178941280,0.491839945
0.783129275,0.254808664,0.548642755,-0.255261779,0.311843872,0.711217642,0.575989842,-1.344002843,0.025239483,-0.014090993,1.802406073,0.080106117,0.001051044,-1.943917871,0.067907922,0.054568768,1.325187445,-0.090261862,-0.015068357,0.187967807,-0.004655769,0.173804969,0.289214790,0.290784717,0.112527594,0.671134889,-0.323570997,-0.477996051,-0.178709060,0.489909172
0.784202754,0.250788629,0.532375991,-0.255833298,0.312306404,0.713317156,0.572880983,-1.341355443,0.033230122,-0.010859225,1.826947927,0.083332941,0.000162485,-1.993496656,0.072579779,0.055823598,1.380263209,-0.100941360,-0.016349191,0.187163293,-0.007430612,0.174715206,0.293168277,0.307681590,0.111620225,0.663242817,-0.322766513,-0.481755286,-0.178233236,0.489181310
0.784562111,0.245978534,0.516333342,-0.256026566,0.313027620,0.715309739,0.569908857,-1.349123001,0.039271690,-0.006655913,1.865867496,0.084093168,-0.000611924,-2.039497852,0.074741304,0.051731098,1.436858535,-0.110776305,-0.017181598,0.183526322,-0.008645987,0.175708398,0.293267071,0.316035628,0.108492069,0.657029986,-0.322454959,-0.484261304,-0.176854461,0.487957895
0.784287691,0.240664765,0.499385655,-0.256087452,0.313449442,0.717202961,0.567264080,-1.365316629,0.043769140,-0.004100536,1.909597158,0.082162663,-0.001206318,-2.087209463,0.075524002,0.049913924,1.489847183,-0.121131234,-0.018228980,0.179129019,-0.008227150,0.175680608,0.292601019,0.318831027,0.104246989,0.654280066,-0.322261035,-0.485958844,-0.175195977,0.487196505
0.784388721,0.236796796,0.482791245,-0.255961150,0.313035101,0.719476998,0.564664423,-1.379159689,0.046716958,-0.004708398,1.956989646,0.079178058,-0.001720351,-2.132814407,0.072970405,0.047188945,1.545276523,-0.131568432,-0.019786736,0.175924912,-0.008412356,0.177160472,0.290114224,0.318007261,0.100425385,0.653630733,-0.320480347,-0.486669898,-0.173705518,0.487954706
0.784479916,0.231104761,0.464680225,-0.255768895,0.311852098,0.721875608,0.562339842,-1.398976445,0.049281612,-0.008834901,2.004892349,0.075249225,-0.002135492,-2.178621769,0.067500807,0.043852322,1.597281098,-0.141566694,-0.021283459,0.175935209,-0.008644763,0.178046867,0.289058506,0.322131872,0.097744457,0.652034104,-0.317794949,-0.490491271,-0.173790768,0.489163488
0.784753144,0.227078259,0.446530759,-0.255369812,0.310567349,0.723265111,0.561446130,-1.412082911,0.051000331,-0.019898873,2.049583435,0.071107455,-0.002235556,-2.226289034,0.055404563,0.034876462,1.648951411,-0.151800960,-0.022685789,0.177455083,-0.010061416,0.180685312,0.290197313,0.326562017,0.095186099,0.649902463,-0.310482323,-0.493456602,-0.173878968,0.491393775
0.784162641,0.222442850,0.428717494,-0.255772412,0.309984148,0.725391805,0.558835447,-1.421798468,0.048295118,-0.030728104,2.095671654,0.066330217,-0.002357034,-2.271379471,0.042889599,0.024508318,1.695821285,-0.161573827,-0.023903022,0.180608258,-0.009282174,0.182657689,0.292315960,0.322980464,0.092235111,0.650200844,-0.305214196,-0.498704731,-0.174205840,0.493275344
0.788076580,0.219693363,0.409425348,-0.255846262,0.305146247,0.728998184,0.556767583,-1.432244420,0.050363827,-0.058947802,2.144158125,0.060870409,-0.002698848,-2.314301729,0.034956735,0.008022198,1.745406628,-0.171515882,-0.024901401,0.178613007,-0.008207534,0.183365256,0.297855735,0.330919594,0.091757841,0.649291039,-0.298369735,-0.498490632,-0.173030183,0.496603042
0.788305223,0.215481013,0.392415345,-0.256844044,0.304138809,0.730575800,0.554787934,-1.447414517,0.047731292,-0.082575507,2.191335678,0.054933634,-0.002650293,-2.356508970,0.026898893,-0.002827809,1.787518501,-0.180614486,-0.025680047,0.182590589,-0.008796462,0.182183459,0.300689965,0.320541859,0.090082601,0.649947941,-0.291644633,-0.501178145,-0.172921211,0.500563741
0.788592637,0.210954741,0.374783546,-0.258960813,0.303448647,0.731679201,0.552723944,-1.470192552,0.044541918,-0.106247157,2.236527443,0.048751172,-0.002837350,-2.398415565,0.021124514,-0.012557512,1.822336793,-0.189862996,-0.026234098,0.186253726,-0.009536194,0.184440881,0.304437727,0.319321334,0.091505624,0.649857640,-0.284907579,-0.510275602,-0.174924046,0.503994942
0.788774431,0.206365123,0.357634723,-0.260853589,0.302633464,0.732919753,0.550633311,-1.493755102,0.042206127,-0.127184793,2.281222582,0.043145373,-0.003200320,-2.439079523,0.015235436,-0.021624433,1.853011966,-0.199091092,-0.026855854,0.189532995,-0.009272286,0.185432956,0.308191240,0.319171280,0.092738479,0.650514126,-0.277115107,-0.519955099,-0.176168934,0.507324338
0.789028645,0.203043401,0.342501879,-0.262805253,0.301349908,0.734327734,0.548529387,-1.513753057,0.040458653,-0.149064496,2.322348833,0.038140327,-0.003623880,-2.474950075,0.008697014,-0.030519130,1.880225539,-0.207744345,-0.027517041,0.193063095,-0.010099771,0.185631618,0.310925186,0.320160985,0.094622046,0.651100397,-0.267757684,-0.529526532,-0.178161085,0.512176514
0.789427519,0.199583888,0.329201460,-0.265205860,0.299603432,0.735287070,0.547043443,-1.533427596,0.038969725,-0.170422122,2.361288309,0.033768710,-0.004191916,-2.506947994,0.003095818,-0.039354336,1.903671980,-0.215999439,-0.028301446,0.196796715,-0.010776926,0.185508847,0.313510150,0.322357267,0.096921809,0.651889801,-0.258973420,-0.535947978,-0.179007530,0.516067207
0.789894819,0.196161225,0.318662763,-0.268106878,0.298020303,0.734640658,0.547362626,-1.554338813,0.036748543,-0.192131579,2.394993305,0.029790761,-0.004783184,-2.530622005,-0.000423082,-0.048612889,1.917519689,-0.224586666,-0.029087765,0.200274169,-0.011261158,0.186976776,0.316339612,0.323450983,0.098898910,0.653411984,-0.252482116,-0.541934013,-0.179599866,0.519124627
0.790546358,0.192999691,0.314894021,-0.272225678,0.295653164,0.732614577,0.549325407,-1.571992993,0.036436856,-0.215328246,2.424715996,0.026756978,-0.005468875,-2.530699730,0.000676390,-0.064075708,1.914462090,-0.239631072,-0.030030672,0.208245039,-0.011011221,0.190431669,0.318522453,0.324174732,0.100618616,0.654970050,-0.248676658,-0.546792984,-0.179577604,0.521997333
0.790903509,0.189890221,0.308406770,-0.277449608,0.293012887,0.729301274,0.552525938,-1.586867571,0.040372901,-0.237890124,2.452308416,0.024967957,-0.006185003,-2.530699968,0.001748990,-0.082235016,1.906259537,-0.260466605,-0.031447478,0.220590547,-0.010263675,0.191917345,0.321073651,0.324064344,0.102073200,0.657021046,-0.246677533,-0.551219463,-0.180516496,0.524045408
0.791228533,0.187441260,0.299034476,-0.282134861,0.290385067,0.725452304,0.556592643,-1.599231839,0.047145426,-0.262463540,2.476833820,0.023716658,-0.006753035,-2.530699968,0.001844274,-0.104034401,1.897560120,-0.284599900,-0.033052891,0.235305861,-0.010147512,0.194048002,0.324317425,0.324163884,0.103723399,0.659295261,-0.243664742,-0.554045856,-0.180945218,0.525824368
0.790981531,0.185102567,0.290910274,-0.287656814,0.287566662,0.720924854,0.561093867,-1.613602757,0.057127070,-0.286203235,2.500665665,0.023072947,-0.007343611,-2.530699968,-0.001818314,-0.128624976,1.888776898,-0.310442716,-0.035101488,0.251639336,-0.009587020,0.194605693,0.327983946,0.323618740,0.105159588,0.661781549,-0.240106016,-0.556708038,-0.181044623,0.527151525
0.790977776,0.183191016,0.285183430,-0.292807281,0.284712106,0.715851784,0.566356003,-1.628084302,0.069344893,-0.311619729,2.521321058,0.022425625,-0.007881219,-2.530699968,-0.007381484,-0.155861497,1.880758166,-0.336931348,-0.037376180,0.268934637,-0.009173474,0.194889873,0.331983894,0.324325889,0.107821308,0.664097250,-0.235564828,-0.558784604,-0.181186423,0.527917683
0.790234923,0.182082638,0.279286921,-0.297244012,0.281696826,0.711079299,0.571541071,-1.639140606,0.082763612,-0.336907685,2.540518045,0.023017058,-0.008363610,-2.530699968,-0.016015340,-0.183505863,1.872899890,-0.363738209,-0.039960545,0.286929220,-0.008651425,0.196130782,0.336420536,0.324087203,0.109650098,0.666698217,-0.230410621,-0.558545172,-0.179725796,0.528605223
0.790204287,0.180842236,0.272839636,-0.302049428,0.278126180,0.706134021,0.576876700,-1.652440429,0.097235270,-0.362542897,2.559096813,0.025088949,-0.009059118,-2.530699968,-0.025346300,-0.215720102,1.867895722,-0.388917178,-0.042465385,0.301563293,-0.007620967,0.195026904,0.340800464,0.325913668,0.112742856,0.669806242,-0.225897864,-0.556172371,-0.177320406,0.527588487
0.789545894,0.179530248,0.267265528,-0.307229191,0.275031477,0.700880170,0.582009375,-1.663288474,0.108836606,-0.388845295,2.574917316,0.027257597,-0.009591019,-2.530699968,-0.033886105,-0.249394894,1.862610579,-0.412216187,-0.044570260,0.316128701,-0.006510493,0.195811778,0.345742881,0.326049209,0.115124598,0.672703922,-0.221499741,-0.554934978,-0.174780890,0.524107277
0.789730191,0.178762019,0.262114882,-0.311951697,0.272336483,0.695977509,0.586629748,-1.673295736,0.124177434,-0.410007030,2.591029882,0.030745866,-0.010251999,-2.530699968,-0.041980553,-0.283136934,1.857860565,-0.434753269,-0.047052033,0.326652080,-0.006382623,0.195566967,0.350781620,0.327677488,0.117951445,0.676196873,-0.218800887,-0.553547144,-0.171986297,0.518696249
0.789197981,0.177004546,0.257708341,-0.317415863,0.269967854,0.691023409,0.590636253,-1.689816236,0.141068771,-0.430980802,2.607348204,0.034639712,-0.010714467,-2.530699968,-0.051249951,-0.313438803,1.851524115,-0.455652028,-0.049791969,0.336986631,-0.006370177,0.195877969,0.352746844,0.328417927,0.120268315,0.678432763,-0.217663243,-0.552968681,-0.169459984,0.512697279
0.788843036,0.175482616,0.254207730,-0.323122233,0.267854810,0.686169684,0.594152331,-1.704051614,0.156525403,-0.447496206,2.617556810,0.038403153,-0.011117233,-2.530699968,-0.058157649,-0.342304885,1.843212843,-0.474758625,-0.052292261,0.348674089,-0.006244824,0.195584804,0.351186901,0.330357224,0.122685000,0.679524243,-0.216274813,-0.554797053,-0.167831704,0.506349862
0.788670778,0.174268454,0.251466423,-0.328097194,0.265295178,0.682301104,0.597022593,-1.715361834,0.171381131,-0.464082956,2.625246286,0.042091217,-0.011447224,-2.530699968,-0.063870519,-0.366881222,1.836074114,-0.491872728,-0.054937650,0.357661873,-0.006501821,0.194633484,0.350230217,0.332085282,0.125085235,0.680616736,-0.216560215,-0.555624187,-0.165897921,0.500791669
0.788863063,0.172957212,0.248164177,-0.331807852,0.262661308,0.679204285,0.599661648,-1.725999355,0.182145834,-0.479612261,2.632012367,0.045353189,-0.011799089,-2.530699968,-0.067996256,-0.387650907,1.831038237,-0.506521583,-0.057559688,0.370406717,-0.006513085,0.194643900,0.348222822,0.334828228,0.127008528,0.680630088,-0.213021666,-0.557308018,-0.164802283,0.497322142
0.788336754,0.172247380,0.245566249,-0.335617214,0.260356873,0.676075697,0.602077305,-1.733955026,0.192917123,-0.493932784,2.636812687,0.048707802,-0.011999520,-2.530699968,-0.072615452,-0.405949384,1.826708078,-0.519057274,-0.059990495,0.380075723,-0.007209239,0.191857114,0.347246200,0.336709052,0.128908291,0.680709481,-0.211895838,-0.559506118,-0.163385347,0.493592739
0.787866592,0.171478570,0.243334845,-0.338780195,0.257866263,0.673427701,0.604341090,-1.740706086,0.201458514,-0.506856263,2.641748428,0.052214954,-0.012185181,-2.530699968,-0.076792717,-0.420530528,1.824002028,-0.529419303,-0.062429085,0.389914811,-0.007095956,0.192116722,0.347275585,0.337840825,0.130293489,0.680576801,-0.209566340,-0.561922252,-0.162142321,0.490578741
0.786805272,0.170858666,0.240954757,-0.341766000,0.256277531,0.670888126,0.606157541,-1.746586800,0.208466738,-0.517551363,2.645979166,0.055319171,-0.012309531,-2.530699968,-0.079321377,-0.432844490,1.821453929,-0.537927926,-0.064589418,0.399927825,-0.007489193,0.190873474,0.347758472,0.338401437,0.131455004,0.680768013,-0.206238344,-0.565175653,-0.161234573,0.488960624
0.786062062,0.170831695,0.238954291,-0.344575375,0.254719824,0.668850482,0.607474029,-1.751782298,0.215609193,-0.527653575,2.649814844,0.058476150,-0.012453236,-2.530699968,-0.081061631,-0.443489581,1.820106149,-0.545707285,-0.066645674,0.408039212,-0.007740049,0.190035298,0.348755568,0.339086413,0.132733479,0.681119382,-0.202403232,-0.567428708,-0.160156563,0.488002837
0.785739779,0.170754209,0.236493975,-0.347535044,0.253105879,0.666826129,0.608686924,-1.758234978,0.222220600,-0.538077056,2.654349327,0.061470546,-0.012647676,-2.530699968,-0.082850665,-0.454020500,1.819119811,-0.552911580,-0.068851478,0.414202601,-0.008293992,0.189575791,0.351678342,0.340176165,0.134293824,0.682351232,-0.199199557,-0.568929493,-0.158232257,0.487926334
0.784637749,0.170664057,0.234088987,-0.350256413,0.251741678,0.665140867,0.609536052,-1.763481736,0.228621900,-0.546425164,2.658759356,0.064537585,-0.012727096,-2.530699968,-0.085926853,-0.462932050,1.818069696,-0.559497476,-0.070710026,0.420939326,-0.008199775,0.191199318,0.352420211,0.340463817,0.135104895,0.682338893,-0.196688369,-0.571071625,-0.156737283,0.487535626
0.784235775,0.170884147,0.232429743,-0.353249222,0.250614524,0.663370609,0.610202193,-1.769893646,0.235378295,-0.555873036,2.661765337,0.067384280,-0.012835314,-2.530699968,-0.089335963,-0.471573979,1.816812038,-0.565887690,-0.072715819,0.425903350,-0.008681082,0.191419765,0.353410333,0.340489358,0.135836869,0.682871282,-0.193680510,-0.571804881,-0.153694317,0.487792552
0.783763111,0.171199709,0.230368197,-0.356225252,0.249135748,0.661697865,0.610893488,-1.776028633,0.241174057,-0.564365864,2.664694071,0.070063420,-0.012957658,-2.530699968,-0.092179112,-0.480635822,1.816315413,-0.571145594,-0.074425057,0.430142492,-0.008351545,0.191457301,0.353528798,0.341197014,0.136725917,0.683222592,-0.192891628,-0.572331309,-0.150848851,0.487619698
0.783062756,0.171569750,0.228950351,-0.358594656,0.247914478,0.660276413,0.611541867,-1.781324983,0.245486900,-0.572747946,2.667937040,0.072464637,-0.013032155,-2.530699968,-0.095279612,-0.488040268,1.816553116,-0.575947821,-0.075990923,0.435178906,-0.007999499,0.189637586,0.352499127,0.341366291,0.137443677,0.683559716,-0.191644788,-0.572109103,-0.148027971,0.487917066
0.782767415,0.171842232,0.227790058,-0.360504121,0.246664852,0.659034967,0.612263143,-1.784758210,0.249417230,-0.580093861,2.669407368,0.074784756,-0.013092722,-2.530699968,-0.097184137,-0.494398892,1.817551851,-0.579942763,-0.077474855,0.439793080,-0.008173089,0.189823046,0.352554619,0.341754019,0.137332901,0.683462441,-0.190370426,-0.572094262,-0.145610690,0.488463312
0.782397747,0.172144115,0.226651579,-0.361937076,0.245265186,0.657842875,0.613261163,-1.786417127,0.253568411,-0.585358143,2.670298338,0.077139795,-0.013125590,-2.530699968,-0.097698897,-0.499228746,1.817965746,-0.583273828,-0.078734837,0.443015844,-0.008125058,0.189842537,0.351385295,0.340778738,0.136904791,0.683056056,-0.191281661,-0.569333851,-0.143486619,0.488239288
0.781878531,0.172117069,0.227322996,-0.363158762,0.244735762,0.656351030,0.614347994,-1.787735105,0.256848544,-0.589616537,2.670066118,0.078953460,-0.013070997,-2.530699968,-0.097682655,-0.502743661,1.817415357,-0.585727215,-0.079843551,0.445035905,-0.008622566,0.189300552,0.351618946,0.340149164,0.136572599,0.682990909,-0.192564800,-0.568019032,-0.142582610,0.488236725
0.781239152,0.172145948,0.227515861,-0.364205182,0.243903100,0.655280232,0.615202188,-1.787995815,0.259625167,-0.591121376,2.670788527,0.080885649,-0.013026195,-2.530699968,-0.098319553,-0.504720032,1.817834496,-0.587072015,-0.080801986,0.446482569,-0.008517862,0.189102039,0.351138026,0.339358509,0.136144176,0.683092535,-0.194968745,-0.565769434,-0.141489446,0.487657815
0.780564010,0.172320247,0.227525085,-0.364790380,0.243231535,0.654510021,0.615940750,-1.787628770,0.262489676,-0.592229784,2.671227455,0.082527421,-0.012960797,-2.530699968,-0.097617090,-0.505902708,1.817677975,-0.588199019,-0.081444807,0.446980447,-0.008664626,0.188326746,0.350352377,0.339125931,0.136173904,0.683265865,-0.196872070,-0.564278603,-0.140927896,0.487177372
0.779979706,0.172627643,0.227577016,-0.365180910,0.242626458,0.653668463,0.616841018,-1.786133409,0.264730960,-0.591508925,2.671011209,0.084296353,-0.012869195,-2.530699968,-0.098152481,-0.505327463,1.818534613,-0.588934660,-0.082215324,0.447096318,-0.008163580,0.188161910,0.349171937,0.337880164,0.135689244,0.683134079,-0.199511319,-0.562395036,-0.139855415,0.487384707
0.778941691,0.172681645,0.227632970,-0.364990771,0.242303744,0.652967572,0.617821991,-1.784251213,0.266398787,-0.588934481,2.670588255,0.085739762,-0.012747904,-2.530699968,-0.096986480,-0.504980266,1.820253253,-0.588211417,-0.082421929,0.446828485,-0.008302808,0.188122138,0.347720385,0.336823612,0.135439366,0.682954907,-0.202522859,-0.560343504,-0.138877049,0.488394916
0.777365625,0.172787711,0.228290021,-0.364690721,0.242323101,0.652436018,0.618552744,-1.781923413,0.267971843,-0.583676219,2.671557665,0.087367035,-0.012587826,-2.530699968,-0.095926031,-0.501840889,1.820520520,-0.587415099,-0.082499333,0.447441757,-0.008639922,0.189672977,0.344412208,0.334660858,0.134439737,0.682062447,-0.204539180,-0.560808003,-0.138912782,0.490034252
0.777186453,0.173233256,0.228839993,-0.364351511,0.241750121,0.652058542,0.619374335,-1.778935909,0.268843859,-0.579429209,2.670451164,0.088804185,-0.012515615,-2.530699968,-0.095053561,-0.498117208,1.821017265,-0.586597383,-0.083180197,0.446505100,-0.008272006,0.190590665,0.342685580,0.333645105,0.134480014,0.681500614,-0.207463115,-0.559218287,-0.138322756,0.491543233
0.775853395,0.173491508,0.229030401,-0.364422739,0.241630837,0.651790559,0.619660914,-1.776571393,0.271187484,-0.574958563,2.669744730,0.089610860,-0.012355061,-2.530699968,-0.095172256,-0.494758904,1.821240306,-0.585469246,-0.083834097,0.448244929,-0.008077681,0.190297261,0.339777917,0.333527118,0.135171682,0.680706024,-0.209381551,-0.558723152,-0.138369977,0.493799567
0.775509417,0.173595190,0.229051024,-0.363271564,0.241729796,0.651667237,0.620427549,-1.774529815,0.271180570,-0.571226835,2.669520855,0.090803951,-0.012221243,-2.530699968,-0.092364192,-0.493207902,1.822922707,-0.584261715,-0.083521381,0.445569366,-0.007987712,0.189016685,0.337949306,0.334506810,0.136539891,0.680482805,-0.211214021,-0.557843566,-0.138508499,0.495982796
0.774781168,0.174270689,0.229487374,-0.363457590,0.241426483,0.651425302,0.620690644,-1.770893812,0.274019390,-0.567864895,2.668144941,0.092416584,-0.012062037,-2.530699968,-0.093103521,-0.487555534,1.826043010,-0.583263040,-0.085072577,0.447332978,-0.007731158,0.190942317,0.335964322,0.334536642,0.136505425,0.679421008,-0.214190379,-0.557071030,-0.138972193,0.497927606
0.774051011,0.173824131,0.229609311,-0.362709999,0.242052436,0.651843309,0.620445311,-1.770511866,0.272472143,-0.563447058,2.669853449,0.093457386,-0.011937684,-2.530699968,-0.089415520,-0.487016767,1.824269176,-0.581590354,-0.084055550,0.444706053,-0.007645756,0.190001801,0.334863782,0.334610611,0.136365250,0.678774416,-0.215059578,-0.557278931,-0.139595732,0.499894202
0.773633301,0.174254268,0.230055526,-0.362114847,0.242255628,0.652087033,0.620457590,-1.767023921,0.271017671,-0.559097290,2.669172764,0.094655193,-0.011779324,-2.530699968,-0.088544846,-0.483978868,1.824719787,-0.580544233,-0.083702780,0.442951679,-0.007562739,0.189978406,0.333045810,0.334124178,0.136323720,0.678137779,-0.217255831,-0.556449771,-0.140042752,0.501813889
0.772377670,0.174286187,0.230511189,-0.361366153,0.242213503,0.652443945,0.620535254,-1.764797330,0.269848853,-0.552655160,2.669332504,0.095670477,-0.011611509,-2.530699968,-0.087857150,-0.479597211,1.825861454,-0.578813016,-0.083187476,0.442407846,-0.007110541,0.192444026,0.332236230,0.333327144,0.135859400,0.677778184,-0.217466459,-0.557135820,-0.140863732,0.504063964
0.771609008,0.174876958,0.230798170,-0.360211402,0.242128149,0.653028965,0.620624602,-1.760519743,0.269244373,-0.546875119,2.668492317,0.096855544,-0.011448788,-2.530699968,-0.087942518,-0.474112421,1.828350186,-0.577597618,-0.083017059,0.441866010,-0.006490094,0.193485469,0.330007732,0.332537264,0.135864317,0.677855849,-0.217705756,-0.558264911,-0.142012686,0.506382465
0.770701766,0.175120547,0.230675563,-0.359229267,0.242292494,0.653646708,0.620479465,-1.757871270,0.267730206,-0.540788293,2.667855024,0.097346596,-0.011303528,-2.530699968,-0.087829389,-0.469409108,1.830672741,-0.575842917,-0.082674414,0.442073375,-0.006881205,0.193131238,0.328936547,0.331113368,0.134994701,0.677817583,-0.218187138,-0.558553517,-0.142522961,0.509017289
0.770326793,0.175548941,0.231410056,-0.358252436,0.242248073,0.654468834,0.620194852,-1.755800009,0.266440332,-0.535505891,2.667474747,0.097720824,-0.011216542,-2.530699968,-0.086684808,-0.465105176,1.833296537,-0.574290991,-0.082324468,0.441656917,-0.007241841,0.192693144,0.329053193,0.331345528,0.134421647,0.677534461,-0.218265250,-0.557443798,-0.142945349,0.511401296
0.769847810,0.175874963,0.231811047,-0.357209504,0.242327616,0.655021608,0.620181739,-1.752061009,0.266185641,-0.530635178,2.667509317,0.098780319,-0.011085487,-2.530699968,-0.085892960,-0.460176349,1.837144375,-0.572622299,-0.082039841,0.441418320,-0.007317928,0.192993075,0.328689486,0.330601603,0.133850202,0.677741289,-0.217596695,-0.556904852,-0.143833145,0.513509989
0.768823564,0.175733671,0.232393011,-0.357172191,0.242422536,0.655189991,0.619988263,-1.750212789,0.264479548,-0.526951313,2.667378426,0.099339336,-0.010939248,-2.530699968,-0.086009979,-0.456728131,1.838042498,-0.571065307,-0.081609435,0.440458804,-0.006979293,0.192997634,0.328838587,0.328734040,0.133182272,0.678187788,-0.218160212,-0.557144225,-0.144551113,0.514848590
0.768623114,0.175733000,0.232608974,-0.357173085,0.242557585,0.655406713,0.619705796,-1.750068069,0.263128161,-0.524629176,2.667819023,0.099606261,-0.010864718,-2.530699968,-0.085424542,-0.454686642,1.838235259,-0.569975495,-0.081193134,0.439332753,-0.006980374,0.193148300,0.329148889,0.327975661,0.132891312,0.678619981,-0.218435764,-0.557268858,-0.145329416,0.515971184
0.768381059,0.175618425,0.232889488,-0.357367575,0.242428005,0.655421197,0.619629085,-1.749780536,0.262289405,-0.522204459,2.667787552,0.099856235,-0.010791651,-2.530699968,-0.084292829,-0.452945590,1.837845087,-0.569271147,-0.080873214,0.437655717,-0.006763626,0.193472385,0.328967661,0.326801836,0.132851288,0.679216146,-0.219658837,-0.556685328,-0.146038458,0.516719818
0.768122733,0.175503373,0.232662559,-0.357252896,0.242581651,0.655467629,0.619585931,-1.750343442,0.260633260,-0.520685613,2.667831182,0.099118493,-0.010726720,-2.530699968,-0.082611114,-0.451886743,1.837318897,-0.568887651,-0.080519751,0.437328219,-0.007167326,0.194364667,0.328707159,0.325976521,0.132748917,0.679605246,-0.220442861,-0.556054354,-0.146636680,0.517240405
0.767902911,0.175336584,0.233220816,-0.357159257,0.242829382,0.655628324,0.619372785,-1.751309991,0.260272503,-0.519730806,2.668244839,0.098121427,-0.010645913,-2.530699968,-0.081819557,-0.449951321,1.836706400,-0.568980932,-0.080405921,0.436817795,-0.007617230,0.195249215,0.328314960,0.324577928,0.132371515,0.679819047,-0.220238760,-0.557046711,-0.147375509,0.517492294
0.767854989,0.175479218,0.233133331,-0.357246250,0.242749199,0.655743837,0.619231880,-1.750345945,0.260352999,-0.518185139,2.668724775,0.098627776,-0.010595633,-2.530699968,-0.081704669,-0.449230373,1.836281180,-0.569259107,-0.080300756,0.435697705,-0.008049819,0.194867492,0.327746838,0.324429184,0.132602632,0.680082083,-0.221047938,-0.556674063,-0.147547305,0.517671764
0.767291129,0.175258651,0.233413994,-0.357561082,0.242246240,0.655960083,0.619017899,-1.751870632,0.259537220,-0.517539322,2.669298887,0.098363467,-0.010532736,-2.530699968,-0.082141608,-0.447263062,1.836159468,-0.569296718,-0.080166876,0.436167598,-0.007622089,0.195560336,0.327348799,0.323041528,0.131835699,0.680067182,-0.221228644,-0.557012975,-0.147979379,0.518032312
0.767423809,0.175558299,0.233778685,-0.357506841,0.241899371,0.656423748,0.618693352,-1.750929594,0.258900285,-0.517602444,2.669050217,0.098442152,-0.010486517,-2.530699968,-0.081956148,-0.446091741,1.837104797,-0.569191754,-0.080061428,0.435527474,-0.007433373,0.195121616,0.326722473,0.323075324,0.131636232,0.680027902,-0.221364394,-0.555999577,-0.148015544,0.518547237
0.767283738,0.175471380,0.233558744,-0.357635885,0.241373047,0.656801522,0.618423343,-1.750297666,0.258180499,-0.517494857,2.669442177,0.098895371,-0.010440753,-2.530699968,-0.082256444,-0.445008367,1.837785840,-0.568762422,-0.079879269,0.435239464,-0.007299745,0.195042700,0.326492935,0.323744774,0.131712854,0.679812729,-0.221765235,-0.555180132,-0.148072228,0.519288123
0.767083228,0.175653413,0.233878836,-0.357636690,0.241118729,0.657251000,0.618044496,-1.750659108,0.257198572,-0.518532813,2.668702841,0.098210417,-0.010376811,-2.530699968,-0.082238786,-0.443480581,1.838806629,-0.568478048,-0.079684101,0.434703618,-0.007033208,0.194683909,0.326112926,0.324072987,0.131883144,0.679893792,-0.221897051,-0.554311275,-0.148416951,0.520380974
0.766890526,0.175853387,0.233656421,-0.357987672,0.240879282,0.657395005,0.617781341,-1.749754071,0.256513655,-0.518713593,2.668446779,0.098617293,-0.010324964,-2.530699968,-0.081975676,-0.442913860,1.839207292,-0.568028748,-0.079389207,0.434001237,-0.007151219,0.195612416,0.325415850,0.323293269,0.131983906,0.679669082,-0.222362623,-0.553496778,-0.148758411,0.521130681
0.766749442,0.175824597,0.233759522,-0.358061135,0.240759626,0.657582164,0.617586195,-1.750754833,0.255537391,-0.519861400,2.667979956,0.098213598,-0.010272528,-2.530699968,-0.081977904,-0.442417502,1.839516878,-0.567887783,-0.079194866,0.433889419,-0.007001483,0.195910111,0.324803442,0.322830588,0.132093146,0.679513097,-0.222512588,-0.553785503,-0.149575531,0.521640480
0.766613662,0.175887123,0.233786792,-0.358108133,0.240966454,0.657310128,0.617767930,-1.750691652,0.255638063,-0.519038320,2.668705702,0.098732896,-0.010228296,-2.530699968,-0.081738248,-0.442162991,1.839076400,-0.567981005,-0.079018086,0.433841079,-0.007565006,0.196147263,0.323973358,0.321893215,0.131983668,0.679381311,-0.222054705,-0.554301262,-0.150206923,0.522541642
0.766259611,0.176045835,0.233414322,-0.358348340,0.241007268,0.656964481,0.617980361,-1.750633836,0.255800188,-0.518526554,2.668133736,0.098898903,-0.010181860,-2.530699968,-0.081412405,-0.443079770,1.841379166,-0.568249106,-0.079181857,0.434316576,-0.007972230,0.196692258,0.323746085,0.320819080,0.132139385,0.679289579,-0.222286478,-0.554073751,-0.150512695,0.523150384
0.766112745,0.175951466,0.233589128,-0.358184665,0.241129026,0.656982064,0.618009031,-1.750348806,0.256365120,-0.518171370,2.668879509,0.099389955,-0.010128034,-2.530699968,-0.080966935,-0.442654550,1.839941502,-0.568906724,-0.079157077,0.434161663,-0.008220295,0.197476193,0.323668003,0.319732904,0.132224888,0.679314554,-0.222037032,-0.554025292,-0.150711223,0.523533404
0.765951693,0.176123783,0.233395785,-0.358244896,0.241223469,0.656774104,0.618158221,-1.750347614,0.256172895,-0.517396271,2.669210196,0.099714592,-0.010102972,-2.530699968,-0.080407791,-0.443048447,1.838894486,-0.569410384,-0.079027645,0.434003383,-0.008389024,0.197098553,0.323261887,0.319326758,0.132347867,0.679221392,-0.221851736,-0.553811312,-0.150954202,0.524079621
0.765455544,0.175943747,0.212528542,-0.329388052,0.221569493,0.603139937,0.691832900,-1.751602650,0.255768567,-0.516611516,2.670098305,0.099594966,-0.010090715,-2.530699968,-0.080261178,-0.443410516,1.838433981,-0.569774806,-0.078966066,0.434528261,-0.008352340,0.196814016,0.323423833,0.319075942,0.132350326,0.679094017,-0.221836492,-0.553892791,-0.151198909,0.524464726
